{
  "fpr": [
    0.0,
    0.0,
    0.03225806451612903,
    0.03225806451612903,
    0.06451612903225806,
    0.0967741935483871,
    0.12903225806451613,
    0.12903225806451613,
    0.16129032258064516,
    0.16129032258064516,
    0.16129032258064516,
    0.1935483870967742,
    0.22580645161290322,
    0.25806451612903225,
    0.2903225806451613,
    0.2903225806451613,
    0.3225806451612903,
    0.3225806451612903,
    0.3548387096774194,
    0.3870967741935484,
    0.41935483870967744,
    0.45161290322580644,
    0.4838709677419355,
    0.5161290322580645,
    0.5483870967741935,
    0.5806451612903226,
    0.6129032258064516,
    0.6451612903225806,
    0.6774193548387096,
    0.7096774193548387,
    0.7419354838709677,
    0.7741935483870968,
    0.8064516129032258,
    0.8387096774193549,
    0.8709677419354839,
    0.9032258064516129,
    0.9354838709677419,
    0.967741935483871,
    1.0
  ],
  "tpr": [
    0.0,
    0.034482758620689655,
    0.7931034482758621,
    0.8275862068965517,
    0.8275862068965517,
    0.8275862068965517,
    0.8275862068965517,
    0.8620689655172413,
    0.8620689655172413,
    0.896551724137931,
    0.9310344827586207,
    0.9310344827586207,
    0.9310344827586207,
    0.9310344827586207,
    0.9310344827586207,
    0.9655172413793104,
    0.9655172413793104,
    1.0,
    1.0,
    1.0,
    1.0,
    1.0,
    1.0,
    1.0,
    1.0,
    1.0,
    1.0,
    1.0,
    1.0,
    1.0,
    1.0,
    1.0,
    1.0,
    1.0,
    1.0,
    1.0,
    1.0,
    1.0,
    1.0
  ],
  "auc": 0.9499443826473859,
  "best_J": 0.7953281423804227,
  "threshold": 0.9361808748802374
}